ref_no,applicant_name,scheme_code,block_code,submitted_at,status,stage,decided_at,aadhaar
SW/KCG/2026/D00001,Sanahanbi Chanu,IGNWPS,KCG-KAKCHING,2026-06-23 13:16,verified,sanction,,
SW/KCG/2026/D00002,Ningol Chanu,PMS,KCG-KAKCHING,2026-08-14 09:54,approved,,2026-09-07 16:47,9105 0339 3108
SW/KCG/2026/D00003,Pakpi Devi,PMMVY,KCG-KAKCHING,2026-07-28 13:04,pending,field_verification,,5823 5121 3064
SW/KCG/2026/D00004,Ningol Chanu,SSSP,KCG-KAKCHING,2026-08-20 06:47,approved,,2026-09-19 07:58,
SW/KCG/2026/D00005,Bembem Devi,IGNWPS,KCG-KAKCHING,2026-07-03 09:16,pending,field_verification,,8625 1510 9824
SW/KCG/2026/D00006,Sanahanbi Chanu,PMMVY,KCG-KAKCHING,2026-07-02 21:36,pending,field_verification,,5096 0684 8191
SW/KCG/2026/D00007,Linthoi Chanu,IGNDPS,KCG-KAKCHING,2026-08-16 09:58,pending,field_verification,,4841 4721 6682
SW/KCG/2026/D00008,Linthoi Chanu,SSSP,KCG-KAKCHING,2026-07-21 01:12,pending,field_verification,,
SW/KCG/2026/D00009,Chaoba Chanu,PMS,KCG-KAKCHING,2026-08-09 02:19,pending,field_verification,,
SW/KCG/2026/D00010,Sakhi Chanu,IGNWPS,KCG-KAKCHING,2026-09-27 09:14,submitted,document_check,,3453 3649 3523
SW/KCG/2026/D00011,Bembem Chanu,IGNWPS,KCG-KAKCHING,2026-08-07 15:19,verified,sanction,,9136 8043 1898
SW/KCG/2026/D00012,Tombi Devi,IGNWPS,KCG-KAKCHING,2026-08-25 12:31,pending,field_verification,,2302 8216 7112
SW/KCG/2026/D00013,Bembem Devi,IGNWPS,KCG-KAKCHING,2026-08-02 12:47,verified,sanction,,9324 8874 4705
SW/KCG/2026/D00014,Sanahanbi Devi,IGNWPS,KCG-KAKCHING,2026-09-13 19:13,submitted,document_check,,9739 6755 3838
SW/KCG/2026/D00015,Naoba Laishram,IGNDPS,KCG-KAKCHING,2026-10-03 09:31,submitted,document_check,,7856 4165 7398
SW/KCG/2026/D00016,Ningol Chanu,IGNOAPS,KCG-KAKCHING,2026-06-26 07:11,pending,field_verification,,2627 8261 3141
SW/KCG/2026/D00017,Ibemhal Devi,IGNWPS,KCG-KAKCHING,2026-07-18 15:19,pending,field_verification,,3179 1886 7804
SW/KCG/2026/D00018,Ibomcha Sorokhaibam,IGNOAPS,KCG-KAKCHING,2026-10-03 15:32,submitted,document_check,,2667 6405 3748
SW/KCG/2026/D00019,Ibomcha Sorokhaibam,IGNDPS,KCG-KAKCHING,2026-07-17 15:43,pending,field_verification,,9394 1713 3363
SW/KCG/2026/D00020,Ningol Chanu,IGNOAPS,KCG-KAKCHING,2026-07-28 00:43,verified,sanction,,4441 6255 8205
SW/KCG/2026/D00021,Chaoba Sorokhaibam,IGNOAPS,KCG-KAKCHING,2026-06-26 13:54,pending,field_verification,,3641 4136 9448
SW/KCG/2026/D00022,Thoibi Chanu,IGNWPS,KCG-KAKCHING,2026-08-26 23:42,pending,field_verification,,
SW/KCG/2026/D00023,Ningol Chanu,IGNDPS,KCG-KAKCHING,2026-08-26 15:43,pending,field_verification,,4075 4524 0363
SW/KCG/2026/D00024,Tomba Yumnam,IGNDPS,KCG-KAKCHING,2026-06-25 10:04,pending,field_verification,,5985 5287 7805
SW/KCG/2026/D00025,Chaoba Chanu,IGNWPS,KCG-KAKCHING,2026-06-30 06:21,pending,field_verification,,6946 5994 8372
SW/KCG/2026/D00026,Manglem Thokchom,SSSP,KCG-KAKCHING,2026-09-13 14:43,submitted,document_check,,
SW/KCG/2026/D00027,Tombi Chanu,PMS,KCG-KAKCHING,2026-08-04 15:29,pending,field_verification,,2796 6960 2541
SW/KCG/2026/D00028,Ibomcha Meitei,SSSP,KCG-KAKCHING,2026-08-20 03:56,pending,field_verification,,7662 4738 4785
SW/KCG/2026/D00029,Pakpi Devi,IGNWPS,KCG-KAKCHING,2026-07-19 10:57,pending,field_verification,,7980 1359 7191
SW/KCG/2026/D00030,Chaoba Ningthoujam,IGNOAPS,KCG-KAKCHING,2026-07-21 11:56,pending,field_verification,,3850 4329 2818
SW/KCG/2026/D00031,Memcha Devi,IGNOAPS,KCG-KAKCHING,2026-09-29 08:13,submitted,document_check,,6873 0649 9294
SW/KCG/2026/D00032,Ibemhal Devi,SSSP,KCG-KAKCHING,2026-09-03 03:43,verified,sanction,,9683 2615 1580
SW/KCG/2026/D00033,Tombi Chanu,IGNOAPS,KCG-KAKCHING,2026-08-12 22:02,approved,,2026-09-05 08:39,7019 1724 6310
SW/KCG/2026/D00034,Bembem Devi,IGNOAPS,KCG-KAKCHING,2026-08-15 08:39,verified,sanction,,7589 7457 0571
SW/KCG/2026/D00035,Ibomcha Yumnam,SSSP,KCG-KAKCHING,2026-06-20 08:13,verified,sanction,,8549 1029 2942
SW/KCG/2026/D00036,Linthoi Devi,PMMVY,KCG-KAKCHING,2026-07-21 06:57,verified,sanction,,3474 4234 1921
SW/KCG/2026/D00037,Ningol Chanu,PMMVY,KCG-KAKCHING,2026-08-14 16:51,approved,,2026-09-11 20:57,6860 1446 8781
SW/KCG/2026/D00038,Bijoy Laishram,IGNDPS,KCG-KAKCHING,2026-10-01 21:00,submitted,document_check,,6626 9729 1793
SW/KCG/2026/D00039,Kumar Moirangthem,IGNOAPS,KCG-KAKCHING,2026-07-30 05:07,rejected,,2026-08-23 01:38,8742 6069 6279
SW/KCG/2026/D00040,Rajen Meitei,IGNOAPS,KCG-KAKCHING,2026-08-24 16:41,pending,field_verification,,8732 4834 9688
SW/KCG/2026/D00041,Linthoi Devi,IGNOAPS,KCG-KAKCHING,2026-08-12 21:54,pending,field_verification,,8960 0785 6191
SW/KCG/2026/D00042,Sanahanbi Chanu,IGNOAPS,KCG-KAKCHING,2026-09-02 12:07,pending,field_verification,,8446 1197 5131
SW/KCG/2026/D00043,Linthoi Devi,SSSP,KCG-KAKCHING,2026-07-12 02:36,approved,,2026-08-10 07:21,
SW/KCG/2026/D00044,Pakpi Devi,PMMVY,KCG-KAKCHING,2026-07-23 00:27,pending,field_verification,,4934 2328 3076
SW/KCG/2026/D00045,Rajen Yumnam,IGNOAPS,KCG-KAKCHING,2026-08-10 06:30,pending,field_verification,,7502 2678 6639
SW/KCG/2026/D00046,Manglem Moirangthem,IGNDPS,KCG-KAKCHING,2026-10-07 02:16,submitted,document_check,,9077 7499 9504
SW/KCG/2026/D00047,Tomba Meitei,IGNOAPS,KCG-KAKCHING,2026-07-23 04:36,pending,field_verification,,8981 4533 0674
SW/KCG/2026/D00048,Tombi Devi,PMMVY,KCG-KAKCHING,2026-07-03 09:52,pending,field_verification,,8596 3313 8426
SW/KCG/2026/D00049,Chaoba Yumnam,SSSP,KCG-KAKCHING,2026-07-10 15:49,pending,field_verification,,3833 3809 4269
SW/KCG/2026/D00050,Chaoba Chanu,IGNDPS,KCG-KAKCHING,2026-08-17 23:08,pending,field_verification,,3753 1162 6470
SW/KCG/2026/D00051,Ningol Chanu,IGNOAPS,KCG-KAKCHING,2026-08-11 19:50,pending,field_verification,,6324 2209 9914
SW/KCG/2026/D00052,Bembem Devi,IGNOAPS,KCG-KAKCHING,2026-07-26 05:33,pending,field_verification,,7970 0822 5996
SW/KCG/2026/D00053,Ibemhal Chanu,IGNWPS,KCG-KAKCHING,2026-08-29 04:24,pending,field_verification,,7327 4687 7497
SW/KCG/2026/D00054,Bembem Chanu,IGNOAPS,KCG-KAKCHING,2026-08-01 04:27,pending,field_verification,,9327 8866 0284
SW/KCG/2026/D00055,Tombi Chanu,SSSP,KCG-KAKCHING,2026-08-19 17:51,pending,field_verification,,6866 2044 2499
SW/KCG/2026/D00056,Ibungo Meitei,IGNOAPS,KCG-KAKCHING,2026-08-22 17:14,pending,field_verification,,6295 7953 1075
SW/KCG/2026/D00057,Memcha Devi,PMS,KCG-KAKCHING,2026-08-12 04:38,pending,field_verification,,5342 8236 3462
SW/KCG/2026/D00058,Thoibi Devi,SSSP,KCG-KAKCHING,2026-08-13 22:44,verified,sanction,,8694 8727 1271
SW/KCG/2026/D00059,Ibomcha Laishram,IGNOAPS,KCG-KAKCHING,2026-08-23 17:26,verified,sanction,,5975 4464 7217
SW/KCG/2026/D00060,Ibomcha Thokchom,IGNOAPS,KCG-KAKCHING,2026-07-21 21:39,pending,field_verification,,8043 1469 1899
SW/KCG/2026/D00061,Pakpi Chanu,IGNWPS,KCG-KAKCHING,2026-08-08 11:22,approved,,2026-08-25 12:13,2529 2352 5683
SW/KCG/2026/D00062,Ibemhal Devi,IGNWPS,KCG-KAKCHING,2026-07-13 21:09,pending,field_verification,,3841 5485 0663
SW/KCG/2026/D00063,Naoba Thokchom,SSSP,KCG-KAKCHING,2026-07-05 17:39,verified,sanction,,
SW/KCG/2026/D00064,Pakpi Chanu,IGNOAPS,KCG-KAKCHING,2026-09-27 21:42,submitted,document_check,,8255 1152 3778
SW/KCG/2026/D00065,Tombi Devi,PMS,KCG-KAKCHING,2026-08-04 03:40,verified,sanction,,6267 5062 1199
SW/KCG/2026/D00066,Sakhi Chanu,IGNOAPS,KCG-KAKCHING,2026-10-03 20:49,submitted,document_check,,6093 4889 6751
SW/KCG/2026/D00067,Bijoy Khumanthem,PMS,KCG-KAKCHING,2026-06-25 13:54,verified,sanction,,
SW/KCG/2026/D00068,Ibemhal Chanu,IGNWPS,KCG-KAKCHING,2026-09-18 22:05,submitted,document_check,,8690 9374 1010
SW/KCG/2026/D00069,Memcha Chanu,PMMVY,KCG-KAKCHING,2026-09-23 10:19,submitted,document_check,,3875 2268 9322
SW/KCG/2026/D00070,Tombi Sorokhaibam,IGNOAPS,KCG-KAKCHING,2026-06-16 06:13,pending,field_verification,,9362 3124 6218
SW/KCG/2026/D00071,Memcha Devi,IGNWPS,KCG-KAKCHING,2026-07-07 21:05,verified,sanction,,5475 1363 4199
SW/KCG/2026/D00072,Herojit Laishram,IGNDPS,KCG-KAKCHING,2026-06-22 05:55,verified,sanction,,9433 2764 6027
SW/KCG/2026/D00073,Romila Chanu,SSSP,KCG-KAKCHING,2026-07-17 09:01,pending,field_verification,,8603 6371 6259
SW/KCG/2026/D00074,Chaoba Devi,IGNWPS,KCG-KAKCHING,2026-06-23 19:11,pending,field_verification,,7502 0710 6256
SW/KCG/2026/D00075,Bembem Devi,IGNOAPS,KCG-KAKCHING,2026-07-29 15:35,pending,field_verification,,8182 7027 1341
SW/KCG/2026/D00076,Tombi Devi,IGNWPS,KCG-KAKCHING,2026-08-27 21:04,verified,sanction,,3650 4363 0194
SW/KCG/2026/D00077,Rajen Laishram,SSSP,KCG-KAKCHING,2026-09-22 04:05,submitted,document_check,,
SW/KCG/2026/D00078,Ibemhal Devi,SSSP,KCG-KAKCHING,2026-08-30 06:15,verified,sanction,,8966 6693 9230
SW/KCG/2026/D00079,Pakpi Chanu,IGNDPS,KCG-KAKCHING,2026-08-06 03:19,pending,field_verification,,5317 8187 0382
SW/KCG/2026/D00080,Sakhi Chanu,IGNWPS,KCG-KAKCHING,2026-08-04 14:44,verified,sanction,,6191 0083 1379
SW/KCG/2026/D00081,Ningol Chanu,IGNWPS,KCG-KAKCHING,2026-09-28 07:05,submitted,document_check,,8886 0907 9271
SW/KCG/2026/D00082,Sakhi Devi,IGNWPS,KCG-KAKCHING,2026-09-01 03:18,verified,sanction,,7008 0473 8560
SW/KCG/2026/D00083,Rajen Moirangthem,IGNOAPS,KCG-KAKCHING,2026-08-16 02:48,verified,sanction,,
SW/KCG/2026/D00084,Tombi Chanu,SSSP,KCG-KAKCHING,2026-07-04 13:24,approved,,2026-07-23 18:31,6732 0827 4645
SW/KCG/2026/D00085,Herojit Laishram,IGNOAPS,KCG-KAKCHING,2026-06-27 17:45,verified,sanction,,9836 8899 3169
SW/KCG/2026/D00086,Ibemhal Devi,IGNWPS,KCG-KAKCHING,2026-06-16 13:11,pending,field_verification,,4032 2041 3462
SW/KCG/2026/D00087,Linthoi Devi,PMMVY,KCG-KAKCHING,2026-07-10 17:36,pending,field_verification,,8468 2984 5639
SW/KCG/2026/D00088,Ibungo Laishram,SSSP,KCG-KAKCHING,2026-08-30 03:13,pending,field_verification,,3998 4720 6659
SW/KCG/2026/D00089,Iboyaima Konsam,PMS,KCG-KAKCHING,2026-06-24 21:40,pending,field_verification,,3712 6079 1108
SW/KCG/2026/D00090,Tomba Konsam,PMS,KCG-KAKCHING,2026-06-29 05:25,pending,field_verification,,7072 6021 3000
SW/KCG/2026/D00091,Ibungo Konsam,IGNOAPS,KCG-KAKCHING,2026-08-29 22:45,verified,sanction,,7824 3929 9835
SW/KCG/2026/D00092,Ibemhal Chanu,PMS,KCG-KAKCHING,2026-08-19 12:59,pending,field_verification,,
SW/KCG/2026/D00093,Herojit Khumanthem,IGNOAPS,KCG-KAKCHING,2026-07-04 17:35,pending,field_verification,,7622 1216 0858
SW/KCG/2026/D00094,Bijoy Moirangthem,IGNOAPS,KCG-KAKCHING,2026-08-24 15:29,pending,field_verification,,7582 6672 7812
SW/KCG/2026/D00095,Sakhi Chanu,IGNWPS,KCG-KAKCHING,2026-07-08 05:54,pending,field_verification,,6768 8781 1021
SW/KCG/2026/D00096,Chaoba Ningthoujam,IGNOAPS,KCG-KAKCHING,2026-06-15 22:21,verified,sanction,,9040 9840 7807
SW/KCG/2026/D00097,Pakpi Chanu,IGNOAPS,KCG-KAKCHING,2026-07-15 20:28,pending,field_verification,,5821 2823 5138
SW/KCG/2026/D00098,Naoba Konsam,IGNOAPS,KCG-KAKCHING,2026-08-31 05:33,pending,field_verification,,2386 9578 9710
SW/KCG/2026/D00099,Ibemhal Devi,IGNOAPS,KCG-KAKCHING,2026-07-11 08:03,pending,field_verification,,4064 2786 3193
SW/KCG/2026/D00100,Kumar Moirangthem,IGNDPS,KCG-KAKCHING,2026-07-16 06:29,pending,field_verification,,7655 3938 2561
SW/KCG/2026/D00101,Kumar Yumnam,IGNDPS,KCG-KAKCHING,2026-06-17 19:01,pending,field_verification,,
SW/KCG/2026/D00102,Thoibi Chanu,IGNWPS,KCG-KAKCHING,2026-07-25 08:02,verified,sanction,,2056 0743 2406
SW/KCG/2026/D00103,Ibemhal Chanu,IGNWPS,KCG-KAKCHING,2026-08-26 19:18,pending,field_verification,,
SW/KCG/2026/D00104,Ningol Chanu,IGNWPS,KCG-KAKCHING,2026-07-27 04:20,rejected,,2026-08-12 01:23,
SW/KCG/2026/D00105,Kumar Moirangthem,IGNOAPS,KCG-KAKCHING,2026-07-18 23:45,verified,sanction,,5121 8302 6899
SW/KCG/2026/D00106,Chaoba Devi,SSSP,KCG-KAKCHING,2026-07-25 04:43,pending,field_verification,,3901 2465 3698
SW/KCG/2026/D00107,Naoba Meitei,IGNDPS,KCG-KAKCHING,2026-07-19 06:52,pending,field_verification,,4225 4703 1450
SW/KCG/2026/D00108,Romila Devi,IGNOAPS,KCG-KAKCHING,2026-06-25 03:14,pending,field_verification,,9706 9887 8727
SW/KCG/2026/D00109,Iboyaima Khumanthem,SSSP,KCG-KAKCHING,2026-06-22 22:00,pending,field_verification,,5600 5390 9779
SW/KCG/2026/D00110,Chaoba Devi,IGNDPS,KCG-KAKCHING,2026-09-24 23:18,submitted,document_check,,9848 8811 4291
SW/KCG/2026/D00111,Iboyaima Singh,IGNOAPS,KCG-KAKCHING,2026-09-16 05:17,submitted,document_check,,9304 2065 4942
SW/KCG/2026/D00112,Manglem Laishram,IGNDPS,KCG-KAKCHING,2026-08-08 15:57,verified,sanction,,4846 3222 4263
SW/KCG/2026/D00113,Tombi Thokchom,SSSP,KCG-KAKCHING,2026-09-23 08:54,submitted,document_check,,7782 8384 7775
SW/KCG/2026/D00114,Ibemhal Devi,IGNWPS,KCG-KAKCHING,2026-07-31 11:04,pending,field_verification,,4662 3499 5191
SW/KCG/2026/D00115,Manglem Singh,IGNOAPS,KCG-KAKCHING,2026-08-09 00:42,verified,sanction,,9489 1882 4619
SW/KCG/2026/D00116,Chaoba Devi,IGNOAPS,KCG-KAKCHING,2026-06-28 01:11,pending,field_verification,,5559 5486 6763
SW/KCG/2026/D00117,Rajen Laishram,PMS,KCG-KAKCHING,2026-07-29 17:34,verified,sanction,,
SW/KCG/2026/D00118,Ibomcha Singh,IGNDPS,KCG-KAKCHING,2026-10-03 19:59,submitted,document_check,,2739 7380 1848
SW/KCG/2026/D00119,Tomba Yumnam,IGNDPS,KCG-KAKCHING,2026-08-04 22:05,pending,field_verification,,3311 6068 9750
SW/KCG/2026/D00120,Romila Chanu,SSSP,KCG-KAKCHING,2026-07-10 00:04,pending,field_verification,,8645 9222 8527
SW/KCG/2026/D00121,Romila Chanu,IGNOAPS,KCG-KAKCHING,2026-07-01 21:47,verified,sanction,,4610 3647 2022
SW/KCG/2026/D00122,Tombi Chanu,IGNDPS,KCG-KAKCHING,2026-07-11 21:05,pending,field_verification,,2339 1976 0235
SW/KCG/2026/D00123,Ningol Chanu,IGNOAPS,KCG-KAKCHING,2026-09-03 06:55,verified,sanction,,8102 4920 3955
SW/KCG/2026/D00124,Romila Chanu,PMMVY,KCG-KAKCHING,2026-08-29 10:08,verified,sanction,,
SW/KCG/2026/D00125,Thoibi Devi,PMMVY,KCG-KAKCHING,2026-07-29 00:47,verified,sanction,,6817 9553 1697
SW/KCG/2026/D00126,Tomba Singh,IGNOAPS,KCG-KAKCHING,2026-07-16 01:35,pending,field_verification,,6920 0233 4282
SW/KCG/2026/D00127,Rajen Laishram,IGNOAPS,KCG-KAKCHING,2026-06-19 14:56,pending,field_verification,,2143 8594 5303
SW/KCG/2026/D00128,Tomba Thokchom,PMS,KCG-KAKCHING,2026-07-01 07:14,pending,field_verification,,8972 3308 6242
SW/KCG/2026/D00129,Tomba Khumanthem,IGNOAPS,KCG-KAKCHING,2026-09-13 19:59,submitted,document_check,,7149 9619 1696
SW/KCG/2026/D00130,Pakpi Devi,IGNDPS,KCG-KAKCHING,2026-08-23 02:35,pending,field_verification,,3129 5636 1426
SW/KCG/2026/D00131,Chaoba Chanu,IGNOAPS,KCG-KAKCHING,2026-06-21 10:34,pending,field_verification,,3567 8179 8764
SW/KCG/2026/D00132,Sanahanbi Chanu,IGNWPS,KCG-KAKCHING,2026-07-19 12:13,pending,field_verification,,
SW/KCG/2026/D00133,Manglem Konsam,IGNOAPS,KCG-KAKCHING,2026-08-05 22:55,verified,sanction,,4691 0522 7570
SW/KCG/2026/D00134,Bembem Chanu,IGNOAPS,KCG-KAKCHING,2026-07-08 04:09,verified,sanction,,3708 2720 0566
SW/KCG/2026/D00135,Manglem Konsam,SSSP,KCG-KAKCHING,2026-08-04 21:30,pending,field_verification,,2518 0427 5857
SW/KCG/2026/D00136,Romila Devi,IGNWPS,KCG-KAKCHING,2026-08-14 06:25,pending,field_verification,,4524 4493 4379
SW/KCG/2026/D00137,Ningol Chanu,IGNOAPS,KCG-KAKCHING,2026-08-13 15:14,pending,field_verification,,6795 6158 8470
SW/KCG/2026/D00138,Iboyaima Sorokhaibam,SSSP,KCG-KAKCHING,2026-08-23 15:32,approved,,2026-09-24 14:09,5700 1648 4754
SW/KCG/2026/D00139,Memcha Chanu,IGNOAPS,KCG-KAKCHING,2026-07-10 20:28,verified,sanction,,7970 8936 5008
SW/KCG/2026/D00140,Linthoi Devi,PMS,KCG-KAKCHING,2026-08-14 04:32,verified,sanction,,3988 3065 3168
SW/KCG/2026/D00141,Tombi Devi,IGNOAPS,KCG-KAKCHING,2026-09-15 02:46,submitted,document_check,,8213 5523 8603
SW/KCG/2026/D00142,Memcha Devi,IGNWPS,KCG-KAKCHING,2026-07-19 20:47,verified,sanction,,4394 0165 7413
SW/KCG/2026/D00143,Tomba Thokchom,SSSP,KCG-KAKCHING,2026-07-03 08:36,verified,sanction,,2901 6038 0606
SW/KCG/2026/D00144,Bembem Devi,IGNOAPS,KCG-KAKCHING,2026-08-14 11:05,pending,field_verification,,7630 1047 8811
SW/KCG/2026/D00145,Ningol Chanu,IGNWPS,KCG-KAKCHING,2026-08-15 22:55,pending,field_verification,,2568 1261 8952
SW/KCG/2026/D00146,Bembem Chanu,IGNWPS,KCG-KAKCHING,2026-09-30 08:36,submitted,document_check,,3918 6711 1693
SW/KCG/2026/D00147,Thoibi Chanu,IGNOAPS,KCG-KAKCHING,2026-08-18 10:23,pending,field_verification,,7750 0709 3325
SW/KCG/2026/D00148,Thoibi Chanu,IGNOAPS,KCG-KAKCHING,2026-06-17 19:19,verified,sanction,,4787 8478 1717
SW/KCG/2026/D00149,Chaoba Chanu,IGNDPS,KCG-KAKCHING,2026-07-12 07:18,rejected,,2026-08-07 10:09,2473 9299 9520
SW/KCG/2026/D00150,Tombi Ningthoujam,IGNDPS,KCG-KAKCHING,2026-08-01 00:28,verified,sanction,,7029 5561 7359
SW/KCG/2026/D00151,Bembem Chanu,IGNOAPS,KCG-KAKCHING,2026-06-20 20:42,verified,sanction,,3575 7835 5353
SW/KCG/2026/D00152,Bembem Devi,IGNWPS,KCG-KAKCHING,2026-09-15 15:41,submitted,document_check,,2341 9783 1223
SW/KCG/2026/D00153,Memcha Devi,SSSP,KCG-KAKCHING,2026-08-13 22:41,pending,field_verification,,5836 7690 6302
SW/KCG/2026/D00154,Chaoba Devi,IGNOAPS,KCG-KAKCHING,2026-07-21 18:11,pending,field_verification,,9588 6020 2156
SW/KCG/2026/D00155,Sanahanbi Devi,IGNOAPS,KCG-KAKCHING,2026-06-26 21:52,verified,sanction,,8144 0244 4055
SW/KCG/2026/D00156,Ibemhal Devi,IGNWPS,KCG-KAKCHING,2026-07-17 01:22,rejected,,2026-08-14 02:23,2773 2145 7490
SW/KCG/2026/D00157,Thoibi Devi,IGNOAPS,KCG-KAKCHING,2026-07-29 09:53,pending,field_verification,,
SW/KCG/2026/D00158,Ibemhal Chanu,IGNDPS,KCG-KAKCHING,2026-08-24 17:17,verified,sanction,,
SW/KCG/2026/D00159,Pakpi Chanu,PMMVY,KCG-KAKCHING,2026-07-09 01:35,pending,field_verification,,3279 5120 2448
SW/KCG/2026/D00160,Sakhi Devi,PMS,KCG-KAKCHING,2026-06-16 01:10,pending,field_verification,,2822 0699 4225
SW/KCG/2026/D00161,Chaoba Chanu,IGNOAPS,KCG-KAKCHING,2026-08-02 23:43,pending,field_verification,,7701 9260 5676
SW/KCG/2026/D00162,Ningol Chanu,SSSP,KCG-KAKCHING,2026-06-22 12:26,pending,field_verification,,4226 7962 9432
SW/KCG/2026/D00163,Pakpi Chanu,IGNWPS,KCG-KAKCHING,2026-08-17 09:30,pending,field_verification,,5393 7244 4828
SW/KCG/2026/D00164,Tombi Devi,IGNWPS,KCG-KAKCHING,2026-06-26 10:27,pending,field_verification,,7109 5611 3762
SW/KCG/2026/D00165,Bembem Chanu,IGNWPS,KCG-KAKCHING,2026-08-07 16:27,pending,field_verification,,4051 5832 4190
SW/KCG/2026/D00166,Chaoba Chanu,PMMVY,KCG-KAKCHING,2026-08-02 04:50,rejected,,2026-08-16 19:25,4790 8667 0721
SW/KCG/2026/D00167,Memcha Devi,IGNDPS,KCG-KAKCHING,2026-08-07 20:39,pending,field_verification,,3657 0488 2889
SW/KCG/2026/D00168,Ningol Devi,IGNWPS,KCG-KAKCHING,2026-09-17 02:25,submitted,document_check,,8173 7293 3193
SW/KCG/2026/D00169,Ibomcha Moirangthem,IGNOAPS,KCG-KAKCHING,2026-08-07 07:32,verified,sanction,,9818 5897 2553
SW/KCG/2026/D00170,Linthoi Chanu,IGNOAPS,KCG-KAKCHING,2026-08-13 03:51,verified,sanction,,
SW/KCG/2026/D00171,Chaoba Chanu,IGNOAPS,KCG-KAKCHING,2026-09-21 15:49,submitted,document_check,,5888 3126 9298
SW/KCG/2026/D00172,Romila Chanu,PMS,KCG-KAKCHING,2026-08-21 09:14,pending,field_verification,,4181 7735 8852
SW/KCG/2026/D00173,Manglem Konsam,PMS,KCG-KAKCHING,2026-09-26 03:03,submitted,document_check,,5932 5685 1565
SW/KCG/2026/D00174,Pakpi Devi,PMMVY,KCG-KAKCHING,2026-08-07 01:34,pending,field_verification,,4524 9666 5110
SW/KCG/2026/D00175,Ningol Chanu,IGNWPS,KCG-KAKCHING,2026-06-27 15:37,pending,field_verification,,2621 1900 5247
SW/KCG/2026/D00176,Naoba Khumanthem,IGNDPS,KCG-KAKCHING,2026-07-09 04:59,pending,field_verification,,2902 4602 8476
SW/KCG/2026/D00177,Chaoba Chanu,PMS,KCG-KAKCHING,2026-07-20 12:44,verified,sanction,,7206 3745 5722
SW/KCG/2026/D00178,Chaoba Chanu,PMMVY,KCG-KAKCHING,2026-07-07 14:03,rejected,,2026-07-31 19:28,
SW/KCG/2026/D00179,Sanahanbi Devi,IGNWPS,KCG-KAKCHING,2026-08-12 18:07,pending,field_verification,,3466 4353 1136
SW/KCG/2026/D00180,Sakhi Devi,IGNWPS,KCG-KAKCHING,2026-07-20 00:46,rejected,,2026-08-20 04:54,9912 5422 7282
SW/KCG/2026/D00181,Tombi Devi,IGNDPS,KCG-KAKCHING,2026-07-17 15:28,approved,,2026-08-09 15:49,4569 4293 4799
SW/KCG/2026/D00182,Ningol Devi,IGNDPS,KCG-KAKCHING,2026-08-09 17:16,pending,field_verification,,8183 0181 2373
SW/KCG/2026/D00183,Pakpi Chanu,IGNWPS,KCG-KAKCHING,2026-09-22 20:56,submitted,document_check,,5880 0141 5855
SW/KCG/2026/D00184,Tombi Chanu,PMMVY,KCG-KAKCHING,2026-07-11 07:45,rejected,,2026-07-27 02:52,5934 5635 1407
SW/KCG/2026/D00185,Iboyaima Singh,IGNDPS,KCG-KAKCHING,2026-07-17 01:51,verified,sanction,,
SW/KCG/2026/D00186,Linthoi Devi,IGNOAPS,KCG-KAKCHING,2026-09-30 17:11,submitted,document_check,,
SW/KCG/2026/D00187,Naoba Sorokhaibam,SSSP,KCG-KAKCHING,2026-06-17 07:45,pending,field_verification,,2265 5743 0927
SW/KCG/2026/D00188,Ibomcha Meitei,IGNOAPS,KCG-KAKCHING,2026-06-24 01:49,pending,field_verification,,6995 3209 6879
SW/KCG/2026/D00189,Tombi Chanu,PMMVY,KCG-KAKCHING,2026-06-26 23:31,verified,sanction,,7225 1556 2456
SW/KCG/2026/D00190,Linthoi Chanu,IGNWPS,KCG-KAKCHING,2026-07-05 01:59,verified,sanction,,7517 7624 8356
SW/KCG/2026/D00191,Memcha Chanu,PMMVY,KCG-KAKCHING,2026-06-29 00:58,pending,field_verification,,4636 4721 5440
SW/KCG/2026/D00192,Rajen Khumanthem,IGNOAPS,KCG-KAKCHING,2026-09-15 10:09,submitted,document_check,,4713 7780 4363
SW/KCG/2026/D00193,Tombi Chanu,IGNDPS,KCG-KAKCHING,2026-10-04 13:00,submitted,document_check,,5514 3768 9829
SW/KCG/2026/D00194,Pakpi Chanu,IGNWPS,KCG-KAKCHING,2026-07-14 12:11,pending,field_verification,,8355 6342 7535
SW/KCG/2026/D00195,Thoibi Chanu,IGNWPS,KCG-KAKCHING,2026-07-14 20:59,pending,field_verification,,8658 7415 3934
SW/KCG/2026/D00196,Chaoba Chanu,PMS,KCG-KAKCHING,2026-06-28 21:32,pending,field_verification,,5038 9717 6147
SW/KCG/2026/D00197,Iboyaima Laishram,SSSP,KCG-KAKCHING,2026-07-07 23:45,verified,sanction,,7361 0904 6218
SW/KCG/2026/D00198,Ibemhal Chanu,IGNWPS,KCG-KAKCHING,2026-07-07 09:40,rejected,,2026-08-01 15:55,6929 1659 4259
SW/KCG/2026/D00199,Linthoi Devi,IGNOAPS,KCG-KAKCHING,2026-07-30 17:17,verified,sanction,,7949 6225 5866
SW/KCG/2026/D00200,Chaoba Devi,SSSP,KCG-KAKCHING,2026-06-29 05:00,pending,field_verification,,9914 8988 9053
SW/KCG/2026/D00201,Thoibi Chanu,IGNOAPS,KCG-KAKCHING,2026-08-31 12:47,pending,field_verification,,8276 8198 1562
SW/KCG/2026/D00202,Ibemhal Chanu,SSSP,KCG-KAKCHING,2026-09-28 01:15,submitted,document_check,,5074 3780 0825
SW/KCG/2026/D00203,Tombi Chanu,IGNOAPS,KCG-KAKCHING,2026-08-09 13:09,verified,sanction,,8157 3183 4946
SW/KCG/2026/D00204,Pakpi Chanu,IGNDPS,KCG-KAKCHING,2026-08-11 20:41,pending,field_verification,,9012 2753 3607
SW/KCG/2026/D00205,Memcha Chanu,PMMVY,KCG-KAKCHING,2026-07-07 07:53,verified,sanction,,7652 6179 9306
SW/KCG/2026/D00206,Sakhi Chanu,IGNOAPS,KCG-KAKCHING,2026-07-04 04:54,pending,field_verification,,4931 7326 2802
SW/KCG/2026/D00207,Memcha Devi,IGNWPS,KCG-KAKCHING,2026-08-20 21:24,pending,field_verification,,9113 7892 9577
SW/KCG/2026/D00208,Ningol Chanu,IGNWPS,KCG-KAKCHING,2026-06-19 07:31,verified,sanction,,9262 1937 6595
SW/KCG/2026/D00209,Linthoi Chanu,IGNOAPS,KCG-KAKCHING,2026-08-10 15:16,pending,field_verification,,4753 6093 1712
SW/KCG/2026/D00210,Chaoba Devi,PMMVY,KCG-KAKCHING,2026-07-05 12:57,pending,field_verification,,9076 5056 0070
SW/KCG/2026/D00211,Naoba Khumanthem,SSSP,KCG-KAKCHING,2026-09-28 14:47,submitted,document_check,,5673 5372 9880
SW/KCG/2026/D00212,Chaoba Devi,PMS,KCG-KAKCHING,2026-06-26 18:30,pending,field_verification,,3293 2499 7868
SW/KCG/2026/D00213,Tombi Singh,IGNOAPS,KCG-KAKCHING,2026-09-16 03:54,submitted,document_check,,9665 5230 6478
SW/KCG/2026/D00214,Ibemhal Chanu,IGNOAPS,KCG-KAKCHING,2026-08-25 21:46,approved,,2026-09-19 18:33,9374 7094 1967
SW/KCG/2026/D00215,Bembem Devi,IGNWPS,KCG-KAKCHING,2026-08-04 14:29,verified,sanction,,
SW/KCG/2026/D00216,Ibemhal Chanu,IGNOAPS,KCG-KAKCHING,2026-07-28 21:53,pending,field_verification,,3308 1877 2409
SW/KCG/2026/D00217,Thoibi Chanu,IGNWPS,KCG-KAKCHING,2026-06-23 05:06,verified,sanction,,
SW/KCG/2026/D00218,Thoibi Chanu,PMMVY,KCG-KAKCHING,2026-07-14 17:09,verified,sanction,,7877 1153 4788
SW/KCG/2026/D00219,Rajen Meitei,IGNDPS,KCG-KAKCHING,2026-08-04 08:44,approved,,2026-09-03 21:24,
SW/KCG/2026/D00220,Romila Devi,IGNOAPS,KCG-KAKCHING,2026-08-19 00:31,rejected,,2026-09-16 03:04,8805 7913 2074
SW/KCG/2026/D00221,Bembem Devi,IGNOAPS,KCG-KAKCHING,2026-07-25 12:31,verified,sanction,,5574 5369 6499
SW/KCG/2026/D00222,Sanahanbi Chanu,IGNWPS,KCG-KAKCHING,2026-07-21 13:46,pending,field_verification,,
SW/KCG/2026/D00223,Sanahanbi Chanu,IGNWPS,KCG-KAKCHING,2026-09-22 05:08,submitted,document_check,,9307 0506 5047
SW/KCG/2026/D00224,Kumar Meitei,SSSP,KCG-KAKCHING,2026-07-18 20:04,pending,field_verification,,3286 7947 3674
SW/KCG/2026/D00225,Linthoi Devi,IGNOAPS,KCG-KAKCHING,2026-07-31 02:31,verified,sanction,,
SW/KCG/2026/D00226,Chaoba Chanu,IGNOAPS,KCG-KAKCHING,2026-07-11 20:13,pending,field_verification,,9259 3189 4476
SW/KCG/2026/D00227,Tombi Chanu,IGNOAPS,KCG-KAKCHING,2026-07-19 09:07,verified,sanction,,7843 6428 3084
SW/KCG/2026/D00228,Thoibi Chanu,PMMVY,KCG-KAKCHING,2026-09-26 19:03,submitted,document_check,,4005 1985 3248
SW/KCG/2026/D00229,Memcha Chanu,IGNOAPS,KCG-KAKCHING,2026-08-19 00:38,pending,field_verification,,4460 7504 9135
SW/KCG/2026/D00230,Linthoi Devi,PMS,KCG-KAKCHING,2026-07-24 01:20,pending,field_verification,,8600 5645 4059
SW/KCG/2026/D00231,Pakpi Devi,PMS,KCG-KAKCHING,2026-08-06 10:40,verified,sanction,,6444 4228 8437
SW/KCG/2026/D00232,Romila Chanu,IGNOAPS,KCG-KAKCHING,2026-09-12 19:06,submitted,document_check,,
SW/KCG/2026/D00233,Tombi Khumanthem,IGNOAPS,KCG-KAKCHING,2026-08-25 00:29,pending,field_verification,,7774 4891 7808
SW/KCG/2026/D00234,Romila Chanu,PMMVY,KCG-KAKCHING,2026-10-05 15:28,submitted,document_check,,6399 0383 0131
SW/KCG/2026/D00235,Chaoba Devi,IGNWPS,KCG-KAKCHING,2026-07-14 18:26,pending,field_verification,,3024 3572 9280
SW/KCG/2026/D00236,Naoba Ningthoujam,IGNDPS,KCG-KAKCHING,2026-07-02 15:56,pending,field_verification,,5138 1886 3057
SW/KCG/2026/D00237,Tombi Devi,IGNDPS,KCG-KAKCHING,2026-10-03 12:01,submitted,document_check,,2514 9608 4849
SW/KCG/2026/D00238,Ibemhal Devi,IGNWPS,KCG-KAKCHING,2026-09-29 06:25,submitted,document_check,,2214 3990 8770
SW/KCG/2026/D00239,Chaoba Devi,PMMVY,KCG-KAKCHING,2026-07-30 04:53,pending,field_verification,,5057 9253 3420
SW/KCG/2026/D00240,Chaoba Chanu,IGNWPS,KCG-KAKCHING,2026-07-25 06:13,verified,sanction,,2845 0952 5867
SW/KCG/2026/D00241,Romila Chanu,IGNWPS,KCG-KAKCHING,2026-07-18 06:19,pending,field_verification,,3494 4151 5561
SW/KCG/2026/D00242,Manglem Moirangthem,IGNDPS,KCG-KAKCHING,2026-06-21 20:07,verified,sanction,,9398 1427 0962
SW/KCG/2026/D00243,Pakpi Devi,SSSP,KCG-KAKCHING,2026-08-03 15:11,verified,sanction,,4064 6581 2446
SW/KCG/2026/D00244,Iboyaima Meitei,IGNOAPS,KCG-KAKCHING,2026-07-22 01:25,pending,field_verification,,5719 4372 2176
SW/KCG/2026/D00245,Linthoi Devi,IGNWPS,KCG-KAKCHING,2026-07-09 11:50,pending,field_verification,,
SW/KCG/2026/D00246,Chaoba Meitei,PMS,KCG-KAKCHING,2026-06-16 08:47,pending,field_verification,,9147 2943 8722
SW/KCG/2026/D00247,Memcha Devi,IGNWPS,KCG-KAKCHING,2026-08-24 13:34,pending,field_verification,,2455 4521 3529
SW/KCG/2026/D00248,Sakhi Chanu,SSSP,KCG-KAKCHING,2026-08-23 19:22,verified,sanction,,7055 7935 7291
SW/KCG/2026/D00249,Pakpi Chanu,IGNOAPS,KCG-KAKCHING,2026-08-06 01:57,pending,field_verification,,4712 7334 1029
SW/KCG/2026/D00250,Ningol Devi,PMMVY,KCG-KAKCHING,2026-09-29 04:43,submitted,document_check,,4600 8897 8870
SW/KCG/2026/D00251,Memcha Chanu,IGNOAPS,KCG-KAKCHING,2026-08-27 07:15,pending,field_verification,,2414 3660 5993
SW/KCG/2026/D00252,Tombi Chanu,PMS,KCG-KAKCHING,2026-07-09 16:13,pending,field_verification,,2167 8377 9230
SW/KCG/2026/D00253,Linthoi Chanu,IGNWPS,KCG-KAKCHING,2026-10-05 19:55,submitted,document_check,,7161 1460 8384
SW/KCG/2026/D00254,Tombi Yumnam,PMS,KCG-KAKCHING,2026-08-02 16:50,rejected,,2026-08-30 05:26,
SW/KCG/2026/D00255,Sakhi Chanu,PMMVY,KCG-KAKCHING,2026-07-08 22:14,pending,field_verification,,8755 4361 3755
SW/KCG/2026/D00256,Herojit Yumnam,IGNDPS,KCG-KAKCHING,2026-08-04 16:12,verified,sanction,,
SW/KCG/2026/D00257,Naoba Yumnam,IGNDPS,KCG-KAKCHING,2026-09-22 06:43,submitted,document_check,,5187 3284 3128
SW/KCG/2026/D00258,Bijoy Meitei,IGNOAPS,KCG-KAKCHING,2026-09-21 15:24,submitted,document_check,,9508 4737 2971
SW/KCG/2026/D00259,Ibemhal Chanu,IGNWPS,KCG-KAKCHING,2026-08-24 14:36,pending,field_verification,,9075 8511 6894
SW/KCG/2026/D00260,Pakpi Chanu,IGNWPS,KCG-KAKCHING,2026-08-20 00:43,pending,field_verification,,
SW/KCG/2026/D00261,Naoba Laishram,SSSP,KCG-KAKCHING,2026-08-04 04:31,pending,field_verification,,8645 0894 6682
SW/KCG/2026/D00262,Linthoi Chanu,PMMVY,KCG-KAKCHING,2026-07-24 19:33,pending,field_verification,,3217 1793 1446
SW/KCG/2026/D00263,Manglem Laishram,IGNDPS,KCG-KAKCHING,2026-07-31 08:17,pending,field_verification,,6656 5343 7236
SW/KCG/2026/D00264,Ningol Chanu,IGNOAPS,KCG-KAKCHING,2026-07-13 15:09,pending,field_verification,,4473 0951 4577
SW/KCG/2026/D00265,Iboyaima Thokchom,PMS,KCG-KAKCHING,2026-10-02 14:13,submitted,document_check,,
SW/KCG/2026/D00266,Sanahanbi Chanu,IGNOAPS,KCG-KAKCHING,2026-07-17 11:21,verified,sanction,,7140 0147 1735
SW/KCG/2026/D00267,Pakpi Chanu,IGNOAPS,KCG-KAKCHING,2026-07-02 19:43,pending,field_verification,,2989 0437 7059
SW/KCG/2026/D00268,Bembem Chanu,IGNOAPS,KCG-KAKCHING,2026-08-12 06:35,rejected,,2026-08-28 15:51,2127 6886 6075
SW/KCG/2026/D00269,Thoibi Devi,IGNOAPS,KCG-KAKCHING,2026-09-03 04:35,pending,field_verification,,
SW/KCG/2026/D00270,Chaoba Konsam,IGNOAPS,KCG-KAKCHING,2026-09-14 22:04,submitted,document_check,,3908 8017 3793
SW/KCG/2026/D00271,Sanahanbi Chanu,IGNWPS,KCG-KAKCHING,2026-09-14 10:35,submitted,document_check,,9435 3781 3657
SW/KCG/2026/D00272,Iboyaima Konsam,IGNOAPS,KCG-KAKCHING,2026-07-10 08:14,pending,field_verification,,3606 4870 8115
SW/KCG/2026/D00273,Manglem Sorokhaibam,IGNOAPS,KCG-KAKCHING,2026-06-23 00:42,verified,sanction,,7301 0119 8330
SW/KCG/2026/D00274,Tomba Khumanthem,IGNOAPS,KCG-KAKCHING,2026-07-05 00:42,verified,sanction,,2225 8368 7328
SW/KCG/2026/D00275,Bembem Chanu,IGNWPS,KCG-KAKCHING,2026-07-09 05:38,verified,sanction,,2420 4274 9444
SW/KCG/2026/D00276,Romila Chanu,IGNOAPS,KCG-KAKCHING,2026-07-30 22:19,pending,field_verification,,7791 3191 1322
SW/KCG/2026/D00277,Tombi Thokchom,SSSP,KCG-KAKCHING,2026-08-23 10:39,pending,field_verification,,6898 8537 2691
SW/KCG/2026/D00278,Naoba Laishram,SSSP,KCG-KAKCHING,2026-08-06 22:49,pending,field_verification,,7134 6727 9216
SW/KCG/2026/D00279,Sanahanbi Devi,IGNWPS,KCG-KAKCHING,2026-07-26 05:59,verified,sanction,,5651 0310 3592
SW/KCG/2026/D00280,Manglem Thokchom,SSSP,KCG-KAKCHING,2026-07-18 17:33,pending,field_verification,,
SW/KCG/2026/D00281,Ibemhal Devi,IGNWPS,KCG-KAKCHING,2026-07-03 17:26,pending,field_verification,,9432 1835 0620
SW/KCG/2026/D00282,Memcha Chanu,IGNWPS,KCG-KAKCHING,2026-08-15 02:08,verified,sanction,,9023 6875 5149
SW/KCG/2026/D00283,Naoba Khumanthem,SSSP,KCG-KAKCHING,2026-07-04 10:21,verified,sanction,,8597 3869 9160
SW/KCG/2026/D00284,Bembem Chanu,PMMVY,KCG-KAKCHING,2026-08-29 11:21,pending,field_verification,,3055 6473 9974
SW/KCG/2026/D00285,Pakpi Devi,SSSP,KCG-KAKCHING,2026-07-05 23:48,pending,field_verification,,7667 1713 1691
SW/KCG/2026/D00286,Tombi Devi,IGNDPS,KCG-KAKCHING,2026-07-16 14:10,pending,field_verification,,7993 4942 2566
SW/KCG/2026/D00287,Tomba Meitei,IGNOAPS,KCG-KAKCHING,2026-07-03 11:11,verified,sanction,,7802 8005 5315
SW/KCG/2026/D00288,Sakhi Devi,PMMVY,KCG-KAKCHING,2026-09-19 02:21,submitted,document_check,,
SW/KCG/2026/D00289,Chaoba Thokchom,IGNOAPS,KCG-KAKCHING,2026-08-02 01:14,verified,sanction,,5778 9376 0497
SW/KCG/2026/D00290,Memcha Chanu,IGNWPS,KCG-KAKCHING,2026-08-23 17:39,approved,,2026-09-18 01:47,5650 1522 2993
SW/KCG/2026/D00291,Ningol Chanu,PMMVY,KCG-KAKCHING,2026-07-06 16:24,pending,field_verification,,6355 2162 2910
SW/KCG/2026/D00292,Romila Devi,IGNWPS,KCG-KAKCHING,2026-07-01 14:32,verified,sanction,,4175 8156 9985
SW/KCG/2026/D00293,Chaoba Devi,PMMVY,KCG-KAKCHING,2026-07-06 00:22,verified,sanction,,9050 3828 8864
SW/KCG/2026/D00294,Bembem Devi,PMMVY,KCG-KAKCHING,2026-09-29 03:45,submitted,document_check,,4644 1321 7594
SW/KCG/2026/D00295,Thoibi Devi,IGNWPS,KCG-KAKCHING,2026-07-25 18:01,pending,field_verification,,3840 1498 4592
SW/KCG/2026/D00296,Iboyaima Moirangthem,IGNDPS,KCG-KAKCHING,2026-07-22 19:57,pending,field_verification,,4714 0058 2068
SW/KCG/2026/D00297,Ibemhal Devi,IGNOAPS,KCG-KAKCHNG,2026-08-14 10:20,pending,field_verification,,
SW/KCG/2026/D00298,Tomba Singh,IGNOAPS,KCG-KAKCHING,2026-13-05,pending,field_verification,,
SW/KCG/2026/D00299,Sanahanbi Chanu,IGNWPS,KCG-KAKCHING,2026-08-02 11:00,closed,,,
SW/KCG/2026/D00300,Rajen Laishram,SSSP,KCG-KAKCHING,2026-07-28 09:45,pending,field_verification,,1234 5678
